ID,Name,Age,Home City,Home State,Home Postal Code
CG-12520,Claire Gute,67,Henderson,Kentucky,42420
DV-13045,Darrin Van Huff,31,Los Angeles,California,90036
SO-20335,Sean O'Donnell,65,Fort Lauderdale,Florida,33311
BH-11710,Brosina Hoffman,20,Los Angeles,California,90032
AA-10480,Andrew Allen,50,Concord,North Carolina,28027
IM-15070,Irene Maddox,66,Seattle,Washington,98103
HP-14815,Harold Pawlan,20,Fort Worth,Texas,76106
PK-19075,Pete Kriz,46,Madison,Wisconsin,53711
AG-10270,Alejandro Grove,18,West Jordan,Utah,84084
ZD-21925,Zuschuss Donatelli,66,San Francisco,California,94109
KB-16585,Ken Black,67,Fremont,Nebraska,68025
SF-20065,Sandra Flanagan,41,Philadelphia,Pennsylvania,19140
EB-13870,Emily Burns,34,Orem,Utah,84057
EH-13945,Eric Hoffmann,21,Los Angeles,California,90049
TB-21520,Tracy Blumstein,48,Philadelphia,Pennsylvania,19140
MA-17560,Matt Abelman,19,Houston,Texas,77095
GH-14485,Gene Hale,28,Richardson,Texas,75080
SN-20710,Steve Nguyen,46,Houston,Texas,77041
LC-16930,Linda Cazamias,31,Naperville,Illinois,60540
RA-19885,Ruben Ausman,51,Los Angeles,California,90049
ES-14080,Erin Smith,20,Melbourne,Florida,32935
ON-18715,Odella Nelson,27,Eagan,Minnesota,55122
PO-18865,Patrick O'Donnell,64,Westland,Michigan,48185
LH-16900,Lena Hernandez,66,Dover,Delaware,19901
DP-13000,Darren Powers,40,New Albany,Indiana,47150
JM-15265,Janet Molinari,23,New York City,New York,10024
TB-21055,Ted Butterfield,34,Troy,New York,12180
KM-16720,Kunst Miller,69,Los Angeles,California,90004
PS-18970,Paul Stevenson,31,Chicago,Illinois,60610
BS-11590,Brendan Sweed,45,Gilbert,Arizona,85234
KD-16270,Karen Daniels,59,Springfield,Virginia,22153
HM-14980,Henry MacAllister,35,New York City,New York,10009
JE-15745,Joel Eaton,25,Memphis,Tennessee,38109
KB-16600,Ken Brennan,29,Houston,Texas,77041
SC-20770,Stewart Carmichael,18,Decatur,Alabama,35601
DN-13690,Duane Noonan,42,San Francisco,California,94122
JC-16105,Julie Creighton,56,Durham,North Carolina,27707
CS-12400,Christopher Schild,33,Chicago,Illinois,60623
PG-18895,Paul Gonzalez,64,Rochester,Minnesota,55901
GM-14455,Gary Mitchum,64,Houston,Texas,77095
JS-15685,Jim Sink,33,Los Angeles,California,90036
KB-16315,Karl Braun,70,Minneapolis,Minnesota,55407
RB-19705,Roger Barcio,63,Portland,Oregon,97206
PN-18775,Parhena Norris,35,New York City,New York,10009
KD-16345,Katherine Ducich,33,San Francisco,California,94122
ER-13855,Elpida Rittenbach,56,Saint Paul,Minnesota,55106
RB-19465,Rick Bensley,18,Chicago,Illinois,60610
GZ-14470,Gary Zandusky,64,Rochester,Minnesota,55901
LC-16870,Lena Cacioppo,63,Aurora,Colorado,80013
JM-15250,Janet Martin,62,Charlotte,North Carolina,28205
PA-19060,Pete Armstrong,31,Orland Park,Illinois,60462
CV-12805,Cynthia Voltz,55,New York City,New York,10035
CL-12565,Clay Ludtke,36,Urbandale,Iowa,50322
RC-19960,Ryan Crowe,34,Columbus,Ohio,43229
DK-13090,Dave Kipp,24,Seattle,Washington,98103
GG-14650,Greg Guthrie,51,Bristol,Tennessee,37620
SC-20725,Steven Cartwright,28,Wilmington,Delaware,19805
AD-10180,Alan Dominguez,52,Houston,Texas,77041
PF-19165,Philip Fox,30,Bloomington,Illinois,61701
TS-21610,Troy Staebel,33,Phoenix,Arizona,85023
LS-16975,Lindsay Shagiari,66,Los Angeles,California,90004
DW-13585,Dorothy Wardle,62,Columbus,Ohio,43229
LC-16885,Lena Creighton,31,Roseville,California,95661
JD-15895,Jonathan Doherty,57,Philadelphia,Pennsylvania,19140
SH-19975,Sally Hughsby,60,San Francisco,California,94122
SG-20080,Sandra Glassco,52,Independence,Missouri,64055
HA-14920,Helen Andreada,48,Pasadena,California,91104
MG-17680,Maureen Gastineau,26,Newark,Ohio,43055
JE-16165,Justin Ellison,49,Franklin,Wisconsin,53132
TW-21025,Tamara Willingham,61,Scottsdale,Arizona,85254
SP-20650,Stephanie Phelps,18,San Jose,California,95123
NK-18490,Neil Knudson,61,Seattle,Washington,98105
DB-13060,Dave Brooks,50,Seattle,Washington,98115
NP-18670,Nora Paige,64,Edmond,Oklahoma,73034
TT-21070,Ted Trevino,67,Los Angeles,California,90045
EM-13960,Eric Murdock,46,Philadelphia,Pennsylvania,19134
RD-19900,Ruben Dartt,26,Carlsbad,New Mexico,88220
MJ-17740,Max Jones,40,Seattle,Washington,98115
BM-11140,Becky Martin,67,San Antonio,Texas,78207
CS-12130,Chad Sievert,51,Los Angeles,California,90004
JB-15400,Jennifer Braxton,39,Chicago,Illinois,60623
SJ-20500,Shirley Jackson,69,Houston,Texas,77036
JK-15640,Jim Kriz,31,New York City,New York,10009
DK-13150,David Kendrick,20,Decatur,Illinois,62521
RM-19675,Robert Marley,57,Monroe,Louisiana,71203
SK-19990,Sally Knutson,44,Fairfield,Connecticut,6824
FM-14290,Frank Merwin,45,Los Angeles,California,90032
AM-10360,Alice McCarthy,45,Grand Prairie,Texas,75051
MP-17470,Mark Packer,61,New York City,New York,10035
MZ-17515,Mary Zewe,52,Redlands,California,92374
CB-12025,Cassandra Brandow,43,Hamilton,Ohio,45011
VM-21685,Valerie Mitchum,69,Westfield,New Jersey,7090
FH-14365,Fred Hopkins,49,Philadelphia,Pennsylvania,19120
MB-17305,Maria Bertelson,43,Akron,Ohio,44312
BS-11755,Bruce Stewart,59,Denver,Colorado,80219
LC-17140,Logan Currie,22,Dallas,Texas,75220
HK-14890,Heather Kirkland,27,Franklin,Tennessee,37064
LE-16810,Laurel Elliston,62,Whittier,California,90604
JH-15985,Joseph Holt,51,Saginaw,Michigan,48601
MS-17980,Michael Stewart,67,Dallas,Texas,75220
VW-21775,Victoria Wilson,62,Medina,Ohio,44256
JH-15910,Jonathan Howell,40,Los Angeles,California,90032
JB-15925,Joni Blumstein,25,Dublin,Ohio,43017
DS-13180,David Smith,41,Detroit,Michigan,48227
VD-21670,Valerie Dominguez,69,Columbia,Tennessee,38401
EA-14035,Erin Ashbrook,61,Charlotte,North Carolina,28205
DB-13120,David Bremer,60,Santa Clara,California,95051
KL-16645,Ken Lonsdale,43,Chicago,Illinois,60610
DW-13480,Dianna Wilson,25,Lakeville,Minnesota,55044
LH-17155,Logan Haushalter,43,San Francisco,California,94109
KC-16540,Kelly Collister,39,San Diego,California,92037
DL-13315,Delfina Latchford,48,New York City,New York,10024
DR-12880,Dan Reichenbach,68,Chicago,Illinois,60623
CC-12670,Craig Carreira,22,New York City,New York,10009
Dl-13600,Dorris liebe,68,Pasadena,Texas,77506
SB-20290,Sean Braxton,41,Houston,Texas,77036
RC-19825,Roy Collins,54,Chicago,Illinois,60610
AH-10210,Alan Hwang,58,Brentwood,California,94513
CB-12535,Claudia Bergmann,63,Chapel Hill,North Carolina,27514
CA-12310,Christine Abelman,68,Cincinnati,Ohio,45231
KH-16690,Kristen Hastings,36,San Francisco,California,94110
BB-10990,Barry Blumstein,41,Inglewood,California,90301
AG-10495,Andrew Gjertsen,24,Philadelphia,Pennsylvania,19140
JO-15280,Jas O'Carroll,39,Los Angeles,California,90004
AH-10195,Alan Haines,67,Tamarac,Florida,33319
NZ-18565,Nick Zandusky,23,Columbus,Ohio,43229
KL-16555,Kelly Lampkin,60,Colorado Springs,Colorado,80906
AS-10225,Alan Schoenberger,31,New York City,New York,10024
CR-12625,Corey Roper,46,Lakewood,New Jersey,8701
SH-20395,Shahid Hopkins,66,Arlington,Virginia,22204
BP-11185,Ben Peterman,48,Arvada,Colorado,80004
TS-21205,Thomas Seio,21,Hackensack,New Jersey,7601
AG-10525,Andy Gerbode,69,Saint Petersburg,Florida,33710
SP-20860,Sung Pak,38,Philadelphia,Pennsylvania,19143
NM-18445,Nathan Mautz,21,New York City,New York,10024
FA-14230,Frank Atkinson,34,Long Beach,California,90805
GK-14620,Grace Kelly,32,Hesperia,California,92345
DJ-13510,Don Jones,67,Murfreesboro,Tennessee,37130
PO-18850,Patrick O'Brill,59,Philadelphia,Pennsylvania,19143
JL-15850,John Lucas,70,Philadelphia,Pennsylvania,19134
DB-13615,Doug Bickford,19,Los Angeles,California,90045
AC-10420,Alyssa Crouse,69,San Francisco,California,94122
CC-12550,Clay Cheatham,42,San Francisco,California,94122
TD-20995,Tamara Dahlen,19,Lowell,Massachusetts,1852
AB-10060,Adam Bellavance,25,New York City,New York,10009
JL-15505,Jeremy Lonsdale,48,New York City,New York,10035
VB-21745,Victoria Brennan,27,Columbus,Georgia,31907
KW-16435,Katrina Willman,48,New York City,New York,10009
JD-16060,Julia Dunbar,70,San Francisco,California,94109
MK-17905,Michael Kennedy,20,Manchester,Connecticut,6040
GT-14755,Guy Thornton,53,Harlingen,Texas,78550
AG-10900,Arthur Gainer,56,Tucson,Arizona,85705
MM-18280,Muhammed MacIntyre,59,Quincy,Illinois,62301
AR-10405,Allen Rosenblatt,66,Franklin,Massachusetts,2038
RA-19915,Russell Applegate,47,Houston,Texas,77095
AS-10285,Alejandro Savely,53,San Francisco,California,94109
LA-16780,Laura Armstrong,59,Taylor,Michigan,48180
DO-13435,Denny Ordway,25,Pembroke Pines,Florida,33024
DK-13225,Dean Katz,36,Philadelphia,Pennsylvania,19140
NG-18430,Nathan Gelder,50,Cincinnati,Ohio,45231
MV-18190,Mike Vittorini,66,New York City,New York,10009
JG-15115,Jack Garza,63,Des Moines,Washington,98198
BP-11095,Bart Pistole,30,Peoria,Illinois,61604
VP-21730,Victor Preis,35,Las Vegas,Nevada,89115
SS-20140,Saphhira Shifley,33,Warwick,Rhode Island,2886
AG-10675,Anna Gayman,69,Houston,Texas,77036
LF-17185,Luke Foster,36,Miami,Florida,33180
RF-19840,Roy Franzosisch,57,New York City,New York,10024
KH-16510,Keith Herrera,27,San Francisco,California,94110
KC-16675,Kimberly Carter,31,Seattle,Washington,98105
CJ-12010,Caroline Jumper,64,Huntington Beach,California,92646
PB-19150,Philip Brown,30,Los Angeles,California,90004
MP-17965,Michael Paige,18,Lawrence,Massachusetts,1841
NF-18385,Natalie Fritzler,23,Jackson,Mississippi,39212
SD-20485,Shirley Daniels,70,New Rochelle,New York,10801
KH-16630,Ken Heidel,34,San Antonio,Texas,78207
RB-19795,Ross Baird,60,Gastonia,North Carolina,28052
MK-18160,Mike Kennedy,22,Jacksonville,Florida,32216
PO-19180,Philisse Overcash,46,Chicago,Illinois,60623
BB-11545,Brenda Bowman,60,Houston,Texas,77070
TB-21595,Troy Blackwell,50,Columbus,Indiana,47201
RB-19360,Raymond Buch,70,Auburn,New York,13021
EB-13705,Ed Braxton,41,Akron,Ohio,44312
SC-20095,Sanjit Chand,27,Concord,California,94521
TN-21040,Tanja Norvell,37,Phoenix,Arizona,85023
JS-15940,Joni Sundaresam,26,Park Ridge,Illinois,60068
MH-17785,Maya Herman,51,Lindenhurst,New York,11757
JP-15520,Jeremy Pistek,54,San Francisco,California,94110
JE-15475,Jeremy Ellison,30,Troy,New York,12180
JG-15805,John Grady,26,New York City,New York,10024
XP-21865,Xylona Preis,32,San Diego,California,92024
EM-14065,Erin Mull,48,New York City,New York,10024
MT-18070,Michelle Tran,69,Los Angeles,California,90045
SA-20830,Sue Ann Reed,34,Chicago,Illinois,60610
CW-11905,Carl Weiss,31,Huntsville,Texas,77340
AJ-10960,Astrea Jones,30,Rochester,New York,14609
SS-20590,Sonia Sunley,51,Seattle,Washington,98115
RO-19780,Rose O'Brian,25,Memphis,Tennessee,38109
MD-17350,Maribeth Dona,31,Fayetteville,Arkansas,72701
MY-17380,Maribeth Yedwab,70,Parker,Colorado,80134
CM-12385,Christopher Martinez,19,Atlanta,Georgia,30318
LS-17245,Lynn Smith,59,Gladstone,Missouri,64118
BN-11515,Bradley Nguyen,63,Los Angeles,California,90049
DB-13210,Dean Braden,41,Houston,Texas,77041
MC-17605,Matt Connell,49,Detroit,Michigan,48234
BD-11605,Brian Dahlen,40,Lawrence,Massachusetts,1841
PH-18790,Patricia Hirasaki,55,Lakeland,Florida,33801
MG-18145,Mike Gockenbach,51,Philadelphia,Pennsylvania,19134
KB-16240,Karen Bern,42,Los Angeles,California,90036
JC-15340,Jasper Cacioppo,39,Los Angeles,California,90032
RL-19615,Rob Lucas,53,Montgomery,Alabama,36116
AA-10375,Allen Armold,22,Mesa,Arizona,85204
EP-13915,Emily Phan,38,Chicago,Illinois,60653
DK-12985,Darren Koutras,58,Henderson,Kentucky,42420
BD-11500,Bradley Drucker,47,Green Bay,Wisconsin,54302
LM-17065,Liz MacKendrick,32,Springfield,Ohio,45503
AS-10135,Adrian Shami,65,New York City,New York,10035
BD-11320,Bill Donatelli,68,San Francisco,California,94110
GT-14710,Greg Tran,67,Houston,Texas,77070
AJ-10945,Ashley Jarboe,62,Wilmington,North Carolina,28403
OT-18730,Olvera Toch,39,Los Angeles,California,90045
LP-17080,Liz Pelletier,22,San Francisco,California,94110
CA-12775,Cynthia Arntzen,57,Tampa,Florida,33614
JF-15490,Jeremy Farry,38,Seattle,Washington,98105
FP-14320,Frank Preis,20,Los Angeles,California,90008
EB-13840,Ellis Ballard,25,Seattle,Washington,98105
JF-15415,Jennifer Ferguson,40,New York City,New York,10024
SF-20200,Sarah Foster,38,Marysville,Washington,98270
TG-21640,Trudy Glocke,41,Long Beach,California,90805
CS-11950,Carlos Soltero,18,Chicago,Illinois,60610
CC-12145,Charles Crestani,21,Los Angeles,California,90004
DV-13465,Dianna Vittorini,60,Denver,Colorado,80219
BD-11725,Bruce Degenhardt,36,Richmond,Kentucky,40475
ZC-21910,Zuschuss Carroll,61,Salem,Oregon,97301
MS-17830,Melanie Seite,61,Laredo,Texas,78041
LR-16915,Lena Radford,35,San Diego,California,92024
TP-21130,Theone Pippenger,64,Philadelphia,Pennsylvania,19134
CK-12205,Chloris Kastensmidt,61,Philadelphia,Pennsylvania,19120
AS-10240,Alan Shonely,68,Tampa,Florida,33614
AR-10510,Andrew Roberts,58,Philadelphia,Pennsylvania,19134
NB-18655,Nona Balk,42,Dallas,Texas,75217
GD-14590,Giulietta Dortch,62,Philadelphia,Pennsylvania,19143
CK-12595,Clytie Kelty,60,Grove City,Ohio,43123
NG-18355,Nat Gilpin,57,New York City,New York,10011
CA-12265,Christina Anderson,49,Chicago,Illinois,60610
SF-20965,Sylvia Foulston,64,Dearborn,Michigan,48126
MO-17800,Meg O'Connel,22,New York City,New York,10009
AT-10735,Annie Thurman,30,Seattle,Washington,98115
FM-14380,Fred McMath,30,Aurora,Colorado,80013
DJ-13420,Denny Joy,21,Warner Robins,Georgia,31088
ME-17725,Max Engle,50,Aurora,Colorado,80013
JD-16150,Justin Deggeller,37,Minneapolis,Minnesota,55407
JL-15835,John Lee,57,Mission Viejo,California,92691
SC-20305,Sean Christensen,30,Rochester Hills,Michigan,48307
CC-12430,Chuck Clark,66,Columbus,Indiana,47201
AR-10825,Anthony Rawles,39,Vancouver,Washington,98661
SR-20740,Steven Roelle,19,New York City,New York,10024
CR-12730,Craig Reiter,25,Columbus,Ohio,43229
EH-14125,Eugene Hildebrand,41,Aurora,Illinois,60505
SP-20545,Sibella Parks,68,New York City,New York,10011
TH-21235,Tiffany House,28,Dallas,Texas,75081
RP-19390,Resi Polking,44,Cleveland,Ohio,44105
RB-19570,Rob Beeghly,57,Columbus,Indiana,47201
CD-11980,Carol Darley,61,Tyler,Texas,75701
DJ-13630,Doug Jacobs,41,New York City,New York,10024
GT-14635,Grant Thornton,19,Burlington,North Carolina,27217
MC-17845,Michael Chen,50,Jackson,Mississippi,39212
RA-19285,Ralph Arnett,45,New York City,New York,10035
NP-18325,Naresj Patel,70,Waynesboro,Virginia,22980
AB-10165,Alan Barnes,22,Los Angeles,California,90036
JO-15550,Jesus Ocampo,58,Chester,Pennsylvania,19013
JK-15370,Jay Kimmel,27,Long Beach,California,90805
BN-11470,Brad Norvell,20,Cary,North Carolina,27511
DP-13165,David Philippe,50,New York City,New York,10035
TH-21550,Tracy Hopkins,48,New York City,New York,10035
AP-10915,Arthur Prichep,61,Palm Coast,Florida,32137
RS-19765,Roland Schwarz,45,Mount Vernon,New York,10550
SV-20365,Seth Vernon,22,Dover,Delaware,19901
CK-12325,Christine Kargatis,53,Orem,Utah,84057
RD-19810,Ross DeVincentis,35,Los Angeles,California,90045
MR-17545,Mathew Reese,37,Philadelphia,Pennsylvania,19140
SC-20695,Steve Chapman,46,Hialeah,Florida,33012
JF-15355,Jay Fein,70,Austin,Texas,78745
EG-13900,Emily Grady,60,Oceanside,New York,11572
DS-13030,Darrin Sayre,62,Seattle,Washington,98115
PO-19195,Phillina Ober,45,Naperville,Illinois,60540
SS-20875,Sung Shariari,18,Dallas,Texas,75220
PB-19105,Peter Buhler,32,Evanston,Illinois,60201
RF-19735,Roland Fjeld,38,Trenton,Michigan,48183
YC-21895,Yoseph Carroll,42,San Francisco,California,94110
DC-13285,Debra Catini,48,Cottage Grove,Minnesota,55016
CP-12340,Christine Phan,38,New York City,New York,10009
BF-11020,Barry Franzosisch,67,Green Bay,Wisconsin,54302
LH-17020,Lisa Hazard,60,Columbus,Ohio,43229
CS-12250,Chris Selesnick,59,Bossier City,Louisiana,71111
AJ-10795,Anthony Johnson,27,Saint Petersburg,Florida,33710
BV-11245,Benjamin Venier,46,Des Moines,Iowa,50315
DL-12865,Dan Lawera,26,Cincinnati,Ohio,45231
BM-11785,Bryan Mills,31,Columbus,Ohio,43229
LT-17110,Liz Thompson,51,Lancaster,California,93534
JK-15730,Joe Kamberova,69,Asheville,North Carolina,28806
ES-14020,Erica Smith,47,San Francisco,California,94110
RH-19495,Rick Hansen,19,Rochester,Minnesota,55901
CD-11920,Carlos Daly,51,Lake Elsinore,California,92530
HW-14935,Helen Wasserman,55,San Diego,California,92105
MC-18130,Mike Caudle,59,Monroe,Louisiana,71203
GM-14440,Gary McGarr,19,San Francisco,California,94122
PJ-19015,Pauline Johnson,48,Santa Ana,California,92704
BW-11110,Bart Watters,50,Milwaukee,Wisconsin,53209
TR-21325,Toby Ritter,45,Belleville,New Jersey,7109
PG-18820,Patrick Gardner,38,San Francisco,California,94110
JL-15175,James Lanier,25,Columbia,Tennessee,38401
BM-11650,Brian Moss,48,New York City,New York,10035
EM-14095,Eudokia Martin,56,Los Angeles,California,90036
AF-10885,Art Foster,40,Louisville,Kentucky,40214
GA-14725,Guy Armstrong,32,Lorain,Ohio,44052
CK-12760,Cyma Kinney,18,Linden,New Jersey,7036
DP-13105,Dave Poirier,66,Salinas,California,93905
BK-11260,Berenike Kampe,37,New York City,New York,10035
SJ-20125,Sanjit Jacobs,38,New Brunswick,New Jersey,8901
CM-12445,Chuck Magee,27,San Francisco,California,94122
AJ-10780,Anthony Jacobs,47,Springfield,Virginia,22153
LS-16945,Linda Southworth,21,Philadelphia,Pennsylvania,19140
GP-14740,Guy Phonely,28,Lancaster,Pennsylvania,17602
PK-18910,Paul Knutson,42,Philadelphia,Pennsylvania,19143
SM-20005,Sally Matthias,51,New York City,New York,10009
AG-10765,Anthony Garverick,40,Philadelphia,Pennsylvania,19120
PM-19135,Peter McVee,65,Detroit,Michigan,48227
LL-16840,Lauren Leatherbury,29,Rochester,New York,14609
JS-15595,Jill Stevenson,65,Los Angeles,California,90045
EL-13735,Ed Ludwig,42,Columbia,Maryland,21044
PC-18745,Pamela Coakley,25,San Francisco,California,94122
HL-15040,Hunter Lopez,65,Houston,Texas,77095
MS-17365,Maribeth Schnelling,55,Detroit,Michigan,48227
GB-14530,George Bell,41,Auburn,New York,13021
JR-16210,Justin Ritter,68,Springfield,Ohio,45503
BE-11335,Bill Eplett,20,Jackson,Michigan,49201
SC-20050,Sample Company A,38,Norwich,Connecticut,6360
RW-19630,Rob Williams,23,Dallas,Texas,75220
SE-20110,Sanjit Engle,28,New York City,New York,10009
AH-10075,Adam Hart,21,New York City,New York,10011
JM-15535,Jessica Myrick,36,Philadelphia,Pennsylvania,19143
JJ-15760,Joel Jenkins,59,Springfield,Virginia,22153
RK-19300,Ralph Kennedy,29,Philadelphia,Pennsylvania,19140
CG-12040,Catherine Glotzbach,27,Philadelphia,Pennsylvania,19120
RP-19270,Rachel Payne,47,Riverside,California,92503
KC-16255,Karen Carlisle,23,San Francisco,California,94110
KH-16360,Katherine Hughes,69,Philadelphia,Pennsylvania,19143
GH-14665,Greg Hansen,67,Round Rock,Texas,78664
SW-20275,Scott Williamson,35,Jackson,Mississippi,39212
JA-15970,Joseph Airdo,56,Phoenix,Arizona,85023
DL-12925,Daniel Lacy,23,Oceanside,California,92054
LW-16990,Lindsay Williams,58,San Francisco,California,94110
TB-21190,Thomas Brumley,29,Fayetteville,Arkansas,72701
BS-11800,Bryan Spruell,53,New York City,New York,10011
RW-19690,Robert Waldorf,29,Wilmington,North Carolina,28403
TZ-21580,Tracy Zic,65,Louisville,Colorado,80027
AS-10630,Ann Steele,54,Pasadena,Texas,77506
TS-21340,Toby Swindell,67,Houston,Texas,77041
SL-20155,Sara Luxemburg,55,Jacksonville,Florida,32216
MW-18235,Mitch Willingham,30,Virginia Beach,Virginia,23464
RD-19585,Rob Dowd,60,Henderson,Kentucky,42420
RA-19945,Ryan Akin,39,Murrieta,California,92563
MT-17815,Meg Tillman,58,Scottsdale,Arizona,85254
VG-21790,Vivek Gonzalez,44,San Diego,California,92037
JS-15880,John Stevenson,60,Seattle,Washington,98103
KM-16225,Kalyca Meade,57,New York City,New York,10011
HR-14770,Hallie Redmond,67,Los Angeles,California,90045
DE-13255,Deanra Eno,42,Springfield,Ohio,45503
AG-10390,Allen Goldenen,47,Cincinnati,Ohio,45231
JJ-15445,Jennifer Jackson,47,Los Angeles,California,90004
JH-15430,Jennifer Halladay,48,Burlington,North Carolina,27217
RD-19660,Robert Dilbeck,53,Saint Peters,Missouri,63376
MO-17500,Mary O'Rourke,25,New York City,New York,10035
NS-18640,Noel Staavos,37,Chicago,Illinois,60610
DG-13300,Deirdre Greer,60,Philadelphia,Pennsylvania,19134
NF-18595,Nicole Fjeld,42,New York City,New York,10009
MG-17650,Matthew Grinstein,53,Philadelphia,Pennsylvania,19143
TS-21160,Theresa Swint,27,Toledo,Ohio,43615
BD-11620,Brian DeCherney,46,San Francisco,California,94122
CM-12160,Charles McCrossin,58,Brownsville,Texas,78521
SN-20560,Skye Norling,65,Los Angeles,California,90008
EH-14005,Erica Hernandez,38,Denver,Colorado,80219
FO-14305,Frank Olsen,22,New York City,New York,10035
MS-17710,Maurice Satty,46,Mesa,Arizona,85204
CC-12100,Chad Cunningham,30,Columbus,Indiana,47201
DW-13540,Don Weiss,60,Seattle,Washington,98105
BT-11395,Bill Tyler,32,Detroit,Michigan,48227
CY-12745,Craig Yedwab,36,Oakland,California,94601
BT-11485,Brad Thomas,66,Clinton,Maryland,20735
PS-19045,Penelope Sewall,23,Charlotte,North Carolina,28205
PV-18985,Paul Van Hugh,64,San Francisco,California,94122
NM-18520,Neoma Murray,45,Riverside,California,92503
DL-13495,Dionis Lloyd,52,San Francisco,California,94110
CS-12355,Christine Sundaresam,63,Roswell,Georgia,30076
FH-14275,Frank Hawley,26,La Porte,Indiana,46350
NC-18340,Nat Carroll,45,Lansing,Michigan,48911
AA-10315,Alex Avila,66,Minneapolis,Minnesota,55407
LT-16765,Larry Tron,42,Escondido,California,92025
AP-10720,Anne Pryor,18,New York City,New York,10035
PM-18940,Paul MacIntyre,41,Jackson,Michigan,49201
AT-10435,Alyssa Tate,19,Los Angeles,California,90004
CA-12055,Cathy Armstrong,67,Houston,Texas,77070
HR-14830,Harold Ryan,69,Seattle,Washington,98103
BT-11530,Bradley Talbott,34,Los Angeles,California,90036
LH-16750,Larry Hughes,37,Charlotte,North Carolina,28205
SW-20755,Steven Ward,57,New York City,New York,10009
SP-20620,Stefania Perrino,32,Philadelphia,Pennsylvania,19134
BF-11170,Ben Ferrer,19,Los Angeles,California,90036
KT-16480,Kean Thornton,51,Buffalo,New York,14215
BG-11695,Brooke Gillingham,46,Cincinnati,Ohio,45231
GM-14680,Greg Matthias,69,Seattle,Washington,98105
EJ-14155,Eva Jacobs,22,Gulfport,Mississippi,39503
NP-18700,Nora Preis,32,Fresno,California,93727
MH-18115,Mick Hernandez,25,Chester,Pennsylvania,19013
JR-15700,Jocasta Rupert,69,Jacksonville,Florida,32216
SM-20950,Suzanne McNair,54,Greenville,North Carolina,27834
CC-12220,Chris Cortes,18,La Porte,Indiana,46350
PF-19225,Phillip Flathmann,49,San Francisco,California,94122
DC-12850,Dan Campbell,50,Florence,Alabama,35630
BD-11770,Bryan Davis,50,Houston,Texas,77070
GM-14500,Gene McClure,41,Providence,Rhode Island,2908
TB-21355,Todd Boyes,53,New York City,New York,10009
JH-16180,Justin Hirsh,57,Pueblo,Colorado,81001
EB-13975,Erica Bern,53,Fairfield,California,94533
QJ-19255,Quincy Jones,48,Saint Paul,Minnesota,55106
TC-21535,Tracy Collins,57,Arlington,Virginia,22204
CS-12460,Chuck Sachs,44,Columbus,Georgia,31907
HG-14965,Henry Goldwyn,32,Los Angeles,California,90032
LW-16825,Laurel Workman,64,Deltona,Florida,32725
MC-17575,Matt Collins,25,Cincinnati,Ohio,45231
LP-17095,Liz Preis,58,Murray,Kentucky,42071
EB-14170,Evan Bailliet,64,Wilmington,North Carolina,28403
GZ-14545,George Zrebassa,56,Lawrence,Massachusetts,1841
CP-12085,Cathy Prescott,62,Norwich,Connecticut,6360
FG-14260,Frank Gastineau,67,San Francisco,California,94110
LD-17005,Lisa DeCherney,65,San Francisco,California,94109
AB-10255,Alejandro Ballentine,34,Lorain,Ohio,44052
MN-17935,Michael Nguyen,41,Dallas,Texas,75220
JR-15670,Jim Radford,18,Middletown,Connecticut,6457
JF-15190,Jamie Frazer,26,Los Angeles,California,90008
CM-12115,Chad McGuire,50,New York City,New York,10011
AS-10045,Aaron Smayling,42,Jacksonville,North Carolina,28540
BP-11290,Beth Paige,26,Evanston,Illinois,60201
ND-18370,Natalie DeCherney,41,Louisville,Kentucky,40214
LB-16735,Larry Blacks,65,Fort Worth,Texas,76106
KT-16465,Kean Takahito,24,Los Angeles,California,90049
HM-14860,Harry Marie,64,Philadelphia,Pennsylvania,19120
AB-10600,Ann Blume,34,Tucson,Arizona,85705
SZ-20035,Sam Zeldin,39,Pico Rivera,California,90660
MG-17890,Michael Granlund,31,Clinton,Maryland,20735
JK-16120,Julie Kriz,67,Aurora,Illinois,60505
PP-18955,Paul Prost,44,Smyrna,Georgia,30080
YS-21880,Yana Sorensen,31,Burlington,North Carolina,27217
KM-16375,Katherine Murray,70,Salem,Virginia,24153
AB-10105,Adrian Barton,63,Phoenix,Arizona,85023
HA-14905,Helen Abelman,58,New York City,New York,10024
BT-11305,Beth Thompson,38,Costa Mesa,California,92627
SV-20815,Stuart Van,42,Houston,Texas,77041
RW-19540,Rick Wilson,52,Mesa,Arizona,85204
DK-12835,Damala Kotsonis,57,Salinas,California,93905
ST-20530,Shui Tom,26,Parma,Ohio,44134
MM-17920,Michael Moore,41,San Francisco,California,94110
PW-19030,Pauline Webber,47,Richmond,Kentucky,40475
SC-20440,Shaun Chance,28,Aurora,Colorado,80013
TS-21085,Thais Sissman,21,Phoenix,Arizona,85023
MC-17425,Mark Cousins,50,Mobile,Alabama,36608
ME-17320,Maria Etezadi,48,Columbus,Georgia,31907
NH-18610,Nicole Hansen,44,Irving,Texas,75061
MB-18085,Mick Brown,54,Vineland,New Jersey,8360
KD-16495,Keith Dawkins,68,New York City,New York,10009
KN-16390,Katherine Nockton,43,Los Angeles,California,90004
NP-18685,Nora Pelletier,42,Niagara Falls,New York,14304
CS-12505,Cindy Stewart,41,Thomasville,North Carolina,27360
MS-17770,Maxwell Schwartz,47,New York City,New York,10035
CM-12655,Corinna Mitchell,33,Los Angeles,California,90008
Co-12640,Corey-Lock,55,Philadelphia,Pennsylvania,19143
TS-21370,Todd Sumrall,62,New York City,New York,10035
JW-15220,Jane Waco,24,Vancouver,Washington,98661
JD-15790,John Dryer,26,Coppell,Texas,75019
PC-19000,Pauline Chand,49,Los Angeles,California,90004
AR-10540,Andy Reiter,48,New York City,New York,10024
AI-10855,Arianne Irving,35,Philadelphia,Pennsylvania,19120
TB-21400,Tom Boeckenhauer,37,Seattle,Washington,98105
PL-18925,Paul Lucas,20,Chicago,Illinois,60610
GH-14425,Gary Hwang,63,Tucson,Arizona,85705
MP-18175,Mike Pelletier,34,Laguna Niguel,California,92677
JM-15655,Jim Mitchum,28,Bridgeton,New Jersey,8302
CL-11890,Carl Ludwig,63,Everett,Massachusetts,2149
DB-13270,Deborah Brumfield,24,San Diego,California,92024
IG-15085,Ivan Gibson,63,San Diego,California,92024
BO-11425,Bobby Odegard,63,Richmond,Kentucky,40475
AB-10150,Aimee Bixby,65,Long Beach,New York,11561
JW-16075,Julia West,25,Philadelphia,Pennsylvania,19140
EB-13750,Edward Becker,20,Seattle,Washington,98103
SG-20470,Sheri Gordon,44,New York City,New York,10011
CM-12190,Charlotte Melton,66,Philadelphia,Pennsylvania,19134
AW-10840,Anthony Witt,37,Allen,Texas,75002
MC-18100,Mick Crebagga,65,El Paso,Texas,79907
TT-21460,Tonja Turnell,22,Aurora,Illinois,60505
VG-21805,Vivek Grady,54,Virginia Beach,Virginia,23464
MY-18295,Muhammed Yedwab,25,Grapevine,Texas,76051
RD-19480,Rick Duston,47,Olympia,Washington,98502
DP-13390,Dennis Pardue,44,Peoria,Illinois,61604
ML-17395,Marina Lichtenstein,44,Los Angeles,California,90008
JC-15385,Jenna Caffey,35,Kent,Washington,98031
JG-15160,James Galang,37,Los Angeles,California,90049
MC-17275,Marc Crier,24,Lafayette,Louisiana,70506
NW-18400,Natalie Webber,29,Tigard,Oregon,97224
TB-21280,Toby Braunhardt,24,Washington,District of Columbia,20016
BS-11380,Bill Stewart,53,Skokie,Illinois,60076
HH-15010,Hilary Holden,58,San Francisco,California,94110
CD-12280,Christina DeMoss,42,Seattle,Washington,98105
TH-21100,Thea Hendricks,21,Los Angeles,California,90045
MM-18055,Michelle Moray,19,Seattle,Washington,98115
NS-18505,Neola Schneider,54,Dallas,Texas,75217
RB-19645,Robert Barroso,40,North Las Vegas,Nevada,89031
SW-20455,Shaun Weien,21,Suffolk,Virginia,23434
EB-13930,Eric Barreto,63,San Francisco,California,94110
PS-18760,Pamela Stobb,36,Los Angeles,California,90008
HF-14995,Herbert Flentye,19,Indianapolis,Indiana,46203
HZ-14950,Henia Zydlo,32,Columbus,Ohio,43229
CD-12790,Cynthia Delaney,70,San Diego,California,92037
JK-15205,Jamie Kunitz,48,San Francisco,California,94122
FM-14215,Filia McAdams,62,Dublin,Ohio,43017
ED-13885,Emily Ducich,28,San Diego,California,92037
DA-13450,Dianna Arnett,38,Houston,Texas,77095
JW-15955,Joni Wasserman,45,Oakland,California,94601
RM-19375,Raymond Messe,39,Houston,Texas,77095
ML-17755,Max Ludwig,22,Suffolk,Virginia,23434
CC-12685,Craig Carroll,59,Greensboro,North Carolina,27405
JE-15610,Jim Epp,38,Milwaukee,Wisconsin,53209
RP-19855,Roy Phan,50,Kenosha,Wisconsin,53142
TB-21175,Thomas Boland,45,Houston,Texas,77041
BE-11455,Brad Eason,20,Olathe,Kansas,66062
JF-15565,Jill Fjeld,36,Dallas,Texas,75081
PB-19210,Phillip Breyer,32,Tulsa,Oklahoma,74133
BT-11680,Brian Thompson,70,Newark,Ohio,43055
JL-15235,Janet Lee,29,Chicago,Illinois,60623
CH-12070,Cathy Hwang,36,Raleigh,North Carolina,27604
ND-18460,Neil Ducich,33,Macon,Georgia,31204
BF-10975,Barbara Fisher,47,Charlotte,North Carolina,28205
KH-16330,Katharine Harms,66,Bowling Green,Kentucky,42104
GW-14605,Giulietta Weimer,49,Seattle,Washington,98115
NC-18625,Noah Childs,48,Aurora,Colorado,80013
ME-18010,Michelle Ellison,34,San Francisco,California,94122
BP-11230,Benjamin Patterson,19,Spokane,Washington,99207
JC-15775,John Castell,22,San Antonio,Texas,78207
AS-10090,Adam Shillingsburg,46,Charlottesville,Virginia,22901
AC-10450,Amy Cox,46,Minneapolis,Minnesota,55407
MD-17860,Michael Dominguez,21,Indianapolis,Indiana,46203
DB-13660,Duane Benoit,21,Oceanside,New York,11572
EH-13990,Erica Hackney,22,Roswell,Georgia,30076
EH-13765,Edward Hooks,44,Watertown,New York,13601
SC-20230,Scot Coram,20,Arlington,Texas,76017
JE-15715,Joe Elijah,44,Broomfield,Colorado,80020
AC-10615,Ann Chong,61,New York City,New York,10009
JD-16015,Joy Daniels,23,Chicago,Illinois,60610
CB-12415,Christy Brittain,47,Columbus,Ohio,43229
JS-16030,Joy Smith,51,Houston,Texas,77036
LW-17215,Luke Weiss,60,Pasadena,California,91104
SC-20800,Stuart Calhoun,20,Houston,Texas,77041
AM-10705,Anne McFarland,28,Auburn,Alabama,36830
RH-19510,Rick Huthwaite,67,Providence,Rhode Island,2908
CT-11995,Carol Triggs,57,Rochester,Minnesota,55901
MC-17590,Matt Collister,36,Perth Amboy,New Jersey,8861
CC-12610,Corey Catlett,18,Philadelphia,Pennsylvania,19134
KA-16525,Kelly Andreada,59,Ontario,California,91761
TC-20980,Tamara Chand,29,Seattle,Washington,98105
BF-11080,Bart Folk,23,Baltimore,Maryland,21215
MM-17260,Magdelene Morse,49,Wilmington,Delaware,19805
AH-10120,Adrian Hane,27,Tucson,Arizona,85705
BW-11200,Ben Wallace,31,Boynton Beach,Florida,33437
SW-20245,Scot Wooten,20,Stockton,California,95207
BS-11665,Brian Stugart,21,Philadelphia,Pennsylvania,19143
RF-19345,Randy Ferguson,48,Dover,New Hampshire,3820
WB-21850,William Brown,38,Philadelphia,Pennsylvania,19134
TB-21625,Trudy Brown,63,Grand Prairie,Texas,75051
AF-10870,Art Ferguson,63,College Station,Texas,77840
RB-19435,Richard Bierner,18,Saint Louis,Missouri,63116
KF-16285,Karen Ferguson,65,Manteca,California,95336
JH-15820,John Huston,37,Kent,Ohio,44240
IL-15100,Ivan Liston,53,San Francisco,California,94122
PB-18805,Patrick Bzostek,61,Salt Lake City,Utah,84106
RH-19600,Rob Haberlin,21,Huntsville,Alabama,35810
AW-10930,Arthur Wiediger,58,Aurora,Illinois,60505
ML-17410,Maris LaWare,30,Fairfield,Connecticut,6824
DB-13555,Dorothy Badders,58,Jacksonville,Florida,32216
MH-17620,Matt Hagelstein,22,San Francisco,California,94110
DK-13375,Dennis Kane,56,Marion,Ohio,43302
BT-11440,Bobby Trafton,20,Littleton,Colorado,80122
DB-13405,Denny Blanton,41,La Porte,Indiana,46350
TG-21310,Toby Gnade,68,Los Angeles,California,90049
BF-11005,Barry Franz,56,Pasadena,California,91104
JM-16195,Justin MacKendrick,18,Los Angeles,California,90004
MZ-17335,Maria Zettner,29,San Diego,California,92024
MW-18220,Mitch Webber,69,New York City,New York,10035
MV-17485,Mark Van Huff,54,Arlington,Virginia,22204
SM-20320,Sean Miller,62,Monroe,North Carolina,28110
TP-21415,Tom Prescott,52,Seattle,Washington,98115
JK-15625,Jim Karlsson,34,Seattle,Washington,98115
PJ-18835,Patrick Jones,19,Murfreesboro,Tennessee,37130
RS-19420,Ricardo Sperren,44,Seattle,Washington,98115
SV-20935,Susan Vittorini,53,New York City,New York,10009
BC-11125,Becky Castell,35,Peoria,Arizona,85345
EM-13825,Elizabeth Moffitt,63,Sioux Falls,South Dakota,57103
BM-11575,Brendan Murry,22,New York City,New York,10035
KN-16705,Kristina Nunn,65,Fort Collins,Colorado,80525
KW-16570,Kelly Williams,50,Clarksville,Tennessee,37042
SC-20260,Scott Cohen,24,San Francisco,California,94122
CV-12295,Christina VanderZanden,58,Fresno,California,93727
SG-20605,Speros Goranitis,69,New York City,New York,10009
TM-21010,Tamara Manning,31,San Francisco,California,94122
EM-13810,Eleni McCrary,59,Los Angeles,California,90036
ML-18040,Michelle Lonsdale,22,Albuquerque,New Mexico,87105
CR-12580,Clay Rozendal,52,Elmhurst,Illinois,60126
AZ-10750,Annie Zypern,59,New York City,New York,10009
PW-19240,Pierre Wener,70,Louisville,Colorado,80027
SC-20380,Shahid Collister,68,Seattle,Washington,98115
CM-11935,Carlos Meador,56,Fayetteville,North Carolina,28314
GM-14695,Greg Maxwell,49,Los Angeles,California,90036
TB-21250,Tim Brockman,39,New York City,New York,10024
JM-15865,John Murray,66,Jamestown,New York,14701
SC-20575,Sonia Cooley,58,Mishawaka,Indiana,46544
LS-17200,Luke Schmidt,59,Skokie,Illinois,60076
RR-19315,Ralph Ritter,31,San Francisco,California,94110
DB-12910,Daniel Byrd,38,Tampa,Florida,33614
TT-21220,Thomas Thornton,47,Houston,Texas,77041
LO-17170,Lori Olson,29,La Quinta,California,92253
KD-16615,Ken Dana,41,Scottsdale,Arizona,85254
NB-18580,Nicole Brennan,33,Philadelphia,Pennsylvania,19134
BD-11635,Brian Derr,42,Bowling Green,Kentucky,42104
CM-12235,Chris McAfee,35,Carrollton,Texas,75007
EN-13780,Edward Nazzal,64,New York City,New York,10035
KN-16450,Kean Nguyen,47,Jacksonville,Florida,32216
BO-11350,Bill Overfelt,46,Los Angeles,California,90045
AG-10300,Aleksandra Gannaway,68,Los Angeles,California,90049
MC-17635,Matthew Clasen,49,Saint Louis,Missouri,63116
TA-21385,Tom Ashbrook,19,New York City,New York,10024
JF-15295,Jason Fortune-,59,Seattle,Washington,98103
TT-21265,Tim Taslimi,69,Los Angeles,California,90045
SB-20170,Sarah Bern,62,New York City,New York,10035
CL-12700,Craig Leslie,36,Springfield,Missouri,65807
HG-15025,Hunter Glantz,30,Amarillo,Texas,79109
NL-18310,Nancy Lomonaco,69,Los Angeles,California,90045
RR-19525,Rick Reed,51,Lowell,Massachusetts,1852
TC-21295,Toby Carlisle,31,San Diego,California,92024
SV-20785,Stewart Visinsky,34,Pueblo,Colorado,81001
BE-11410,Bobby Elias,54,Lancaster,Ohio,43130
SC-20680,Steve Carroll,31,Columbus,Georgia,31907
DF-13135,David Flashing,45,Vallejo,California,94591
FH-14350,Fred Harton,45,Seattle,Washington,98105
MS-17530,MaryBeth Skach,45,San Diego,California,92037
RH-19555,Ritsa Hightower,61,Tallahassee,Florida,32303
GA-14515,George Ashbrook,42,San Francisco,California,94122
JP-16135,Julie Prescott,57,Columbus,Georgia,31907
Dp-13240,Dean percer,64,Murray,Utah,84107
MO-17950,Michael Oakman,35,Dallas,Texas,75220
DL-13330,Denise Leinenbach,69,Las Cruces,New Mexico,88001
MH-18025,Michelle Huthwaite,40,Seattle,Washington,98115
DR-12940,Daniel Raglin,65,Franklin,Massachusetts,2038
DM-13015,Darrin Martin,53,Encinitas,California,92024
CA-11965,Carol Adams,19,Hoover,Alabama,35244
AC-10660,Anna Chung,30,Huntsville,Texas,77340
DM-13345,Denise Monton,46,Roswell,Georgia,30076
VF-21715,Vicky Freymann,59,Columbus,Indiana,47201
CC-12370,Christopher Conant,38,Fayetteville,North Carolina,28314
BF-11275,Beth Fritzler,21,Tucson,Arizona,85705
HG-14845,Harry Greene,63,Lake Charles,Louisiana,70601
BP-11155,Becky Pak,46,Columbus,Georgia,31907
EM-14140,Eugene Moren,49,Glendale,Arizona,85301
MA-17995,Michelle Arnett,33,Watertown,New York,13601
AY-10555,Andy Yotov,61,Oceanside,California,92054
GB-14575,Giulietta Baptist,50,Philadelphia,Pennsylvania,19134
JB-16045,Julia Barnett,65,Columbus,Georgia,31907
MG-17875,Michael Grace,67,New York City,New York,10011
SR-20425,Sharelle Roach,25,Louisville,Colorado,80027
JB-16000,Joy Bell-,46,Brownsville,Texas,78521
DM-12955,Dario Medina,26,Lincoln Park,Michigan,48146
TC-21475,Tony Chapman,64,Columbus,Georgia,31907
SW-20350,Sean Wendt,51,Detroit,Michigan,48227
RE-19450,Richard Eichhorn,30,Dallas,Texas,75081
BF-11215,Benjamin Farhat,69,Albuquerque,New Mexico,87105
KB-16405,Katrina Bavinger,34,Apple Valley,California,92307
JG-15310,Jason Gross,61,Providence,Rhode Island,2908
EC-14050,Erin Creighton,52,New York City,New York,10024
EB-14110,Eugene Barchas,44,Philadelphia,Pennsylvania,19134
JP-15460,Jennifer Patt,69,Oceanside,New York,11572
CS-11845,Cari Sayre,24,Seattle,Washington,98105
GH-14410,Gary Hansen,42,Glendale,Arizona,85301
PT-19090,Pete Takahito,48,Houston,Texas,77070
JL-15130,Jack Lebron,63,Houston,Texas,77036
AH-10030,Aaron Hawkins,60,Philadelphia,Pennsylvania,19134
CC-12475,Cindy Chapman,48,New York City,New York,10024
DW-13195,David Wiener,55,Houston,Texas,77095
SJ-20215,Sarah Jordon,50,Grand Prairie,Texas,75051
BG-11740,Bruce Geld,39,Philadelphia,Pennsylvania,19120
LB-16795,Laurel Beltran,18,Highland Park,Illinois,60035
CM-11815,Candace McMahon,28,Pasadena,Texas,77506
EH-14185,Evan Henry,31,Decatur,Alabama,35601
TS-21505,Tony Sayre,32,Columbia,Tennessee,38401
PR-18880,Patrick Ryan,44,Oakland,California,94601
LC-17050,Liz Carlisle,60,Mission Viejo,California,92691
CS-12490,Cindy Schnelling,32,Conroe,Texas,77301
DH-13075,Dave Hallsten,58,Richmond,Kentucky,40475
JO-15145,Jack O'Briant,68,Philadelphia,Pennsylvania,19140
AH-10690,Anna Haberlin,39,New York City,New York,10024
HJ-14875,Heather Jas,32,Jacksonville,Florida,32216
MH-17455,Mark Hamilton,49,Jacksonville,North Carolina,28540
RD-19930,Russell D'Ascenzo,67,Austin,Texas,78745
SC-20020,Sam Craven,56,Plano,Texas,75023
SU-20665,Stephanie Ulpright,30,Jackson,Mississippi,39212
FC-14335,Fred Chung,64,Mesquite,Texas,75150
RB-19330,Randy Bradley,63,Philadelphia,Pennsylvania,19143
NC-18535,Nick Crebassa,59,Dallas,Texas,75217
DB-12970,Darren Budd,42,Los Angeles,California,90004
MF-17665,Maureen Fritzler,37,Toledo,Ohio,43615
RM-19750,Roland Murray,66,New York City,New York,10011
VM-21835,Vivian Mathis,60,Newark,Delaware,19711
EJ-13720,Ed Jacobs,44,San Diego,California,92037
NC-18415,Nathan Cano,29,Jacksonville,North Carolina,28540
LS-17230,Lycoris Saunders,42,Dover,Delaware,19901
KE-16420,Katrina Edelman,53,Bristol,Tennessee,37620
DH-13675,Duane Huffman,65,Quincy,Massachusetts,2169
PF-19120,Peter Fuller,48,Gilbert,Arizona,85234
VT-21700,Valerie Takahito,44,Philadelphia,Pennsylvania,19143
MG-17695,Maureen Gnade,33,Buffalo,New York,14215
SP-20920,Susan Pistek,37,Los Angeles,California,90036
CS-12175,Charles Sheldon,67,Columbia,Tennessee,38401
DK-12895,Dana Kaydos,47,Kenosha,Wisconsin,53142
KM-16660,Khloe Miller,57,Roswell,Georgia,30076
AA-10645,Anna Andreadi,32,Chester,Pennsylvania,19013
DD-13570,Dorothy Dickinson,32,Houston,Texas,77041
AH-10465,Amy Hunt,24,New York City,New York,10035
TP-21565,Tracy Poddar,25,Aurora,Colorado,80013
EK-13795,Eileen Kiefer,25,Santa Ana,California,92704
CR-12820,Cyra Reiten,38,New York City,New York,10035
SG-20890,Susan Gilcrest,41,Mcallen,Texas,78501
AH-10585,Angele Hood,34,Chicago,Illinois,60623
NF-18475,Neil Franzosisch,55,Rockford,Illinois,61107
BS-11365,Bill Shonely,34,New York City,New York,10011
SH-20635,Stefanie Holloman,57,Jackson,Tennessee,38301
RD-19720,Roger Demir,30,Daytona Beach,Florida,32114
AG-10330,Alex Grayson,51,Stockton,California,95207
GR-14560,Georgia Rosenberg,33,San Francisco,California,94110
VS-21820,Vivek Sundaresam,22,Los Angeles,California,90036
TM-21490,Tony Molinari,63,Oklahoma City,Oklahoma,73120
TS-21430,Tom Stivers,22,Los Angeles,California,90045
DB-13360,Dennis Bolton,41,New York City,New York,10009
NR-18550,Nick Radford,21,Aurora,Illinois,60505
CS-11860,Cari Schnelling,69,Jacksonville,North Carolina,28540
MF-18250,Monica Federle,34,Los Angeles,California,90036
LW-17125,Liz Willingham,55,Norwich,Connecticut,6360
AR-10345,Alex Russell,38,Lawrence,Massachusetts,1841
KS-16300,Karen Seio,53,Lehi,Utah,84043
AB-10015,Aaron Bergman,66,Seattle,Washington,98103
LR-17035,Lisa Ryan,62,Philadelphia,Pennsylvania,19134
SS-20410,Shahid Shariari,35,Los Angeles,California,90008
JM-15580,Jill Matthias,37,Monroe,North Carolina,28110
JK-15325,Jason Klamczynski,69,Dallas,Texas,75220
DM-13525,Don Miller,18,Houston,Texas,77070
ML-18265,Muhammed Lee,51,Seattle,Washington,98103
MH-17290,Marc Harrigan,39,Los Angeles,California,90036
FC-14245,Frank Carlisle,20,Lakewood,Ohio,44107
TH-21115,Thea Hudgings,38,Philadelphia,Pennsylvania,19140
JK-16090,Juliana Krohn,51,Omaha,Nebraska,68104
SB-20185,Sarah Brown,31,Concord,New Hampshire,3301
BG-11035,Barry Gonzalez,57,Monroe,Louisiana,71203
BW-11065,Barry Weirich,30,Raleigh,North Carolina,27604
MG-18205,Mitch Gastineau,55,Jacksonville,Florida,32216
DO-13645,Doug O'Connell,20,Los Angeles,California,90036
BP-11050,Barry Pond,65,Cranston,Rhode Island,2920
TS-21655,Trudy Schmidt,21,Milwaukee,Wisconsin,53209
EM-14200,Evan Minnotte,52,Virginia Beach,Virginia,23464
AO-10810,Anthony O'Donnell,66,Los Angeles,California,90045
MH-17440,Mark Haberlin,47,New York City,New York,10035
SS-20515,Shirley Schmidt,31,Louisville,Kentucky,40214
LD-16855,Lela Donovan,52,Chicago,Illinois,60653
VP-21760,Victoria Pisteka,35,San Francisco,California,94109
TC-21145,Theresa Coyne,63,Lakewood,New Jersey,8701
IM-15055,Ionia McGrath,40,Roseville,California,95661
AR-10570,Anemone Ratner,36,Columbus,Georgia,31907
CM-12715,Craig Molinari,53,Huntsville,Texas,77340
FW-14395,Fred Wasserman,41,Huntsville,Alabama,35810
LC-16960,Lindsay Castell,57,Arlington,Virginia,22204
HE-14800,Harold Engle,31,Chicago,Illinois,60623
BD-11560,Brendan Dodson,54,Fresno,California,93727
HD-14785,Harold Dahlen,32,Philadelphia,Pennsylvania,19143
CJ-11875,Carl Jackson,64,Philadelphia,Pennsylvania,19140
RS-19870,Roy Skaria,39,Burlington,Iowa,52601
SC-20845,Sung Chung,69,Arlington Heights,Illinois,60004
RE-19405,Ricardo Emerson,35,Kent,Ohio,44240
SM-20905,Susan MacKendrick,46,Newark,Ohio,43055
